ID,'nol_new_early_w_nol_new_early_RSComplex_3','nol_new_late_w_nol_new_late_RSComplex_3','ol_new_early_w_ol_new_early_RSComplex_3','ol_new_late_w_ol_new_late_RSComplex_3','ol_new_early_w_nol_new_early_RSComplex_3','ol_new_late_w_nol_new_late_RSComplex_3','ol_new_early_w_ol_old_early_RSComplex_3','ol_new_late_w_ol_old_late_RSComplex_3','nol_new_early_w_nol_new_early_RSComplex_2','nol_new_late_w_nol_new_late_RSComplex_2','ol_new_early_w_ol_new_early_RSComplex_2','ol_new_late_w_ol_new_late_RSComplex_2','ol_new_early_w_nol_new_early_RSComplex_2','ol_new_late_w_nol_new_late_RSComplex_2','ol_new_early_w_ol_old_early_RSComplex_2','ol_new_late_w_ol_old_late_RSComplex_2','nol_new_early_w_nol_new_early_RSComplex_1','nol_new_late_w_nol_new_late_RSComplex_1','ol_new_early_w_ol_new_early_RSComplex_1','ol_new_late_w_ol_new_late_RSComplex_1','ol_new_early_w_nol_new_early_RSComplex_1','ol_new_late_w_nol_new_late_RSComplex_1','ol_new_early_w_ol_old_early_RSComplex_1','ol_new_late_w_ol_old_late_RSComplex_1','nol_new_early_w_nol_new_early_RSComplex_0','nol_new_late_w_nol_new_late_RSComplex_0','ol_new_early_w_ol_new_early_RSComplex_0','ol_new_late_w_ol_new_late_RSComplex_0','ol_new_early_w_nol_new_early_RSComplex_0','ol_new_late_w_nol_new_late_RSComplex_0','ol_new_early_w_ol_old_early_RSComplex_0','ol_new_late_w_ol_old_late_RSComplex_0','nol_new_early_w_nol_new_early_ba2930_3','nol_new_late_w_nol_new_late_ba2930_3','ol_new_early_w_ol_new_early_ba2930_3','ol_new_late_w_ol_new_late_ba2930_3','ol_new_early_w_nol_new_early_ba2930_3','ol_new_late_w_nol_new_late_ba2930_3','ol_new_early_w_ol_old_early_ba2930_3','ol_new_late_w_ol_old_late_ba2930_3','nol_new_early_w_nol_new_early_ba2930_2','nol_new_late_w_nol_new_late_ba2930_2','ol_new_early_w_ol_new_early_ba2930_2','ol_new_late_w_ol_new_late_ba2930_2','ol_new_early_w_nol_new_early_ba2930_2','ol_new_late_w_nol_new_late_ba2930_2','ol_new_early_w_ol_old_early_ba2930_2','ol_new_late_w_ol_old_late_ba2930_2','nol_new_early_w_nol_new_early_ba2930_1','nol_new_late_w_nol_new_late_ba2930_1','ol_new_early_w_ol_new_early_ba2930_1','ol_new_late_w_ol_new_late_ba2930_1','ol_new_early_w_nol_new_early_ba2930_1','ol_new_late_w_nol_new_late_ba2930_1','ol_new_early_w_ol_old_early_ba2930_1','ol_new_late_w_ol_old_late_ba2930_1','nol_new_early_w_nol_new_early_ba2930_0','nol_new_late_w_nol_new_late_ba2930_0','ol_new_early_w_ol_new_early_ba2930_0','ol_new_late_w_ol_new_late_ba2930_0','ol_new_early_w_nol_new_early_ba2930_0','ol_new_late_w_nol_new_late_ba2930_0','ol_new_early_w_ol_old_early_ba2930_0','ol_new_late_w_ol_old_late_ba2930_0','nol_new_early_w_nol_new_early_hippo_3','nol_new_late_w_nol_new_late_hippo_3','ol_new_early_w_ol_new_early_hippo_3','ol_new_late_w_ol_new_late_hippo_3','ol_new_early_w_nol_new_early_hippo_3','ol_new_late_w_nol_new_late_hippo_3','ol_new_early_w_ol_old_early_hippo_3','ol_new_late_w_ol_old_late_hippo_3','nol_new_early_w_nol_new_early_hippo_2','nol_new_late_w_nol_new_late_hippo_2','ol_new_early_w_ol_new_early_hippo_2','ol_new_late_w_ol_new_late_hippo_2','ol_new_early_w_nol_new_early_hippo_2','ol_new_late_w_nol_new_late_hippo_2','ol_new_early_w_ol_old_early_hippo_2','ol_new_late_w_ol_old_late_hippo_2','nol_new_early_w_nol_new_early_hippo_1','nol_new_late_w_nol_new_late_hippo_1','ol_new_early_w_ol_new_early_hippo_1','ol_new_late_w_ol_new_late_hippo_1','ol_new_early_w_nol_new_early_hippo_1','ol_new_late_w_nol_new_late_hippo_1','ol_new_early_w_ol_old_early_hippo_1','ol_new_late_w_ol_old_late_hippo_1','nol_new_early_w_nol_new_early_hippo_0','nol_new_late_w_nol_new_late_hippo_0','ol_new_early_w_ol_new_early_hippo_0','ol_new_late_w_ol_new_late_hippo_0','ol_new_early_w_nol_new_early_hippo_0','ol_new_late_w_nol_new_late_hippo_0','ol_new_early_w_ol_old_early_hippo_0','ol_new_late_w_ol_old_late_hippo_0'
s01,0.062877478,0.050471109,0.060083337,0.054111712,0.060558963,0.072354313,0.006656918,0.029511175,0.040527832,0.088648564,0.03607186,0.044715923,0.045252555,0.061624545,0.049631888,0.051225982,0.038256162,0.090818457,0.053377768,0.058659692,0.056303203,0.071010493,0.058195491,0.058136613,0.115960314,0.062383997,0.046532453,0.069282514,0.080193008,0.077399836,0.065022739,0.065252874,0.078498494,0.046404779,0.09332201,0.057238303,0.086052116,0.072010379,0.006796762,0.024126746,0.059510764,0.097362546,0.045793365,0.048689878,0.057703727,0.077835175,0.057747541,0.068082645,0.057582961,0.081295189,0.041052885,0.035126528,0.05903474,0.04093064,0.051937565,0.046462859,0.088222723,0.069122459,0.063943108,0.064832752,0.082051309,0.079880163,0.052052183,0.064545611,0.025275213,0.006516383,0.028115648,0.026344587,0.022883769,0.029382423,-0.009993823,0.021431748,0.015474557,0.021857856,0.017338831,0.024641379,0.020694848,0.024351847,0.012424727,0.036148139,0.005478955,0.018773899,0.007171055,0.004194364,0.01988764,0.008184351,0.010237295,0.01736685,0.035120434,0.013735749,0.023987218,0.046200578,0.032685581,0.032467722,0.017820333,0.031740941
s02,-0.001256343,0.08492175,0.028506196,0.138159425,0.025771178,0.113011047,0.016431678,0.088020951,0.013804598,0.10529235,0.079447884,0.12819126,0.05235104,0.114448516,0.037321604,0.083422182,0.041702643,0.090306927,0.044823233,0.123341595,0.052305851,0.103008584,0.024411595,0.077572374,0.029243778,-0.004928252,-0.001716127,0.007869928,-0.006172357,0.005128479,0.008773733,0.01772543,0.014636272,0.070239633,0.043983427,0.154335267,0.0488363,0.097017979,-0.023924124,0.090446676,-0.001938949,0.09128426,0.052407321,0.076839584,0.026446832,0.092023254,0.010914271,0.056447427,0.009051847,0.099666353,0.029196721,0.090825145,0.030353444,0.094605846,0.007481855,0.061335208,0.027054054,0.000430067,0.003396839,0.025195942,0.000410423,0.011966722,0.005842837,0.035307807,-0.005891995,-0.012477326,0.005769062,0.007362326,0.01482083,0.000394141,-0.009883909,-0.013885983,0.000762953,-0.001957021,-0.004625443,0.02634176,0.008934322,0.006078423,0.003199917,-0.008714278,-0.007114791,-0.004825343,-0.004130915,0.00879928,0.004744603,0.008372337,-0.001448638,0.002962808,-0.000671082,-0.025439242,-0.00605127,-0.005147789,0.001513223,-0.004843022,0.009072098,0.000387821
s03,0.074707801,0.091937284,0.15256188,0.068463681,0.102851797,0.07646846,0.063247364,0.071379289,0.192767904,0.079843308,0.121131231,0.117557355,0.149050132,0.105250999,0.075929969,0.085598191,0.130691087,0.106700233,0.12367864,0.109558126,0.119222103,0.109308528,0.060450363,0.087960117,0.074440098,0.059356158,0.097075395,0.030659735,0.090239586,0.055540434,0.028966092,0.013485676,0.072551615,0.017119206,0.146619349,0.034945825,0.084160794,0.017518617,0.053492023,0.027711209,0.091554837,0.051774697,0.048873574,0.041045104,0.06999529,0.058693693,0.024761211,0.038146956,0.039621145,0.05650861,0.071786468,0.023631612,0.04616659,0.054508925,0.004010253,0.022358145,0.059750421,0.024304538,0.050512876,0.033942663,0.069740893,0.056266463,0.015720763,0.015185112,0.060532279,0.022445071,0.106073562,0.004658862,0.072274582,0.027962811,0.046630442,0.022244724,0.067549751,0.041851587,0.033297527,0.036921951,0.046032785,0.033002395,0.012805378,0.019254473,0.036613894,0.034756546,0.04078216,0.004047,0.030197747,0.027307976,0.004168783,0.028025045,0.013173573,-0.001510769,0.039968548,-0.006133089,0.026942051,0.017509902,0.018676071,0.000350333
s05,0.038924326,0.045025192,0.125648223,0.022597122,0.065154852,0.038239157,0.038100649,0.037173386,0.029705879,0.065784644,0.049736214,0.050707433,0.04503258,0.047743479,0.024877492,0.053218681,0.005325978,0.05461387,0.024257298,0.025820179,0.02493651,0.031954694,0.022481766,0.033335971,0.04811742,0.036133112,0.090225858,0.02894436,0.062062496,0.031860984,0.054155013,0.035118863,0.044600385,0.054317294,0.138290023,0.00252375,0.071832946,0.034996985,0.06220836,0.027687761,0.010013914,0.049546792,0.035295319,0.016368428,0.026390558,0.019781685,0.020533168,0.016631161,-0.004739756,0.037118852,0.013509544,0.010279674,0.021343416,0.012388747,0.016883794,0.004434972,0.035856186,0.027247949,0.119940081,0.009810535,0.03442929,0.033925449,0.062154841,0.036858087,0.004765291,0.017263149,0.055938992,-0.003801428,0.029790819,-0.000561157,0.009686742,0.018327028,-0.002252507,0.017202269,0.01749952,0.007052781,0.008813493,-0.001796839,0.003381338,0.003871924,-0.000747845,0.008533148,0.006809505,0.004041407,0.007601466,-0.007568401,-0.003668238,0.008432944,0.008307024,0.023708903,0.024726715,0.011450117,0.016997528,0.003759263,0.016343701,0.01174965
s07,0.077826104,0.066762289,0.050038584,0.147082653,0.039999463,0.06501471,0.032163458,0.086742425,0.166413549,0.04413624,0.092105534,0.042480132,0.114366255,0.047574764,0.081849893,0.048398636,0.099635719,0.061700845,0.086686465,0.061295932,0.094488965,0.060068511,0.072737332,0.057901572,0.064268078,0.020961738,0.005868917,0.059998776,0.033802428,0.038121347,0.024248474,0.032898323,0.075295071,0.022836424,0.067639857,0.101042204,0.049292825,0.022713527,0.019887268,0.05140645,0.096224861,0.02315334,0.064042408,0.032989132,0.05606351,0.033709852,0.045755061,0.034299965,0.051188234,0.025629602,0.03204058,0.047936452,0.051572809,0.02824831,0.018655776,0.022754861,0.068437197,0.016214796,0.017988653,0.044126994,0.037129253,0.032118698,0.010939696,0.022844643,0.024440451,0.007115394,0.027991096,0.065854791,-0.003594542,-0.003243333,-0.004187534,-0.00206409,0.046001229,0.010092444,0.007615472,0.020422214,0.015069113,0.019845438,0.009469332,0.012412386,0.011574966,0.001374199,0.005239963,0.009433791,0.008820029,0.011141682,6.90E-05,0.014165623,0.011195003,0.00185458,-0.014035839,0.005697688,0.005718296,0.014685779,0.006831547,0.004667881
s09,0.094113197,0.165351662,0.184418982,0.110265987,0.114670184,0.139566251,0.080377757,0.158244468,0.147826772,0.136127257,0.121163689,0.112630458,0.136848727,0.122925767,0.101275689,0.11488953,0.11100109,0.13137171,0.101191181,0.14426098,0.108592843,0.137134341,0.077285213,0.14973063,0.040779559,0.104845256,0.049230664,0.169434404,0.043963088,0.106546865,0.003075689,0.145938048,0.047957961,0.148002791,0.124289995,0.113283847,0.068856862,0.129189331,0.050713505,0.158474292,0.116859804,0.12042632,0.061462892,0.132076977,0.086788358,0.12297812,0.066098724,0.132585196,0.072901829,0.090608082,0.057993395,0.096467065,0.068853799,0.10220525,0.052733343,0.117717443,0.041165626,0.08988416,0.059537776,0.140820616,0.049984909,0.094230166,0.024932434,0.123800646,0.026443981,0.081402743,0.021442895,0.0693767,0.017005769,0.077053053,0.008894418,0.08353079,0.034602094,0.048152641,0.016383968,0.046282347,0.028212221,0.042534726,0.026919714,0.046083202,0.009360983,0.040745996,0.012508848,0.054782674,0.025090607,0.054552472,0.017919302,0.058874102,0.034067669,0.022662112,0.001404299,0.068146627,0.015698862,0.032657435,0.011330912,0.030591747
s10,0.112869382,0.08951099,0.123233024,0.105999329,0.117128891,0.096004178,0.14186807,0.122044294,0.105168233,0.052388669,0.127413638,0.089182092,0.12329319,0.074439641,0.128597396,0.067999872,0.071076376,0.071864801,0.096566602,0.077389451,0.090393585,0.081012932,0.098171818,0.075415622,0.038758433,0.039958853,0.059631831,0.028289632,0.047228185,0.041726321,0.058832424,0.027279029,0.103723425,0.036878212,0.116812247,0.073290939,0.107687905,0.063298049,0.119041615,0.096739374,0.043245983,0.011950438,0.052663748,0.044555935,0.056362752,0.040925021,0.076743492,0.037735601,0.039720192,0.030496014,0.057095965,0.033504391,0.05094126,0.039961309,0.050941585,0.028423144,0.029982188,0.013510776,0.075424864,0.02320143,0.050254792,0.036354331,0.077652986,0.013877227,-0.001349196,0.023968171,0.014315226,0.004066596,0.00763679,0.010820971,0.002238321,0.026750227,0.024344965,0.002734385,-0.002956127,0.015487663,0.009342968,0.01186368,0.016100192,0.008132721,0.009095044,0.000696103,0.005623513,-0.002988739,0.004992582,0.012779547,0.009216106,0.012459335,0.005125253,-0.001700172,0.002618755,0.008691173,0.011214466,0.010693968,0.010966132,-0.009826613
s11,0.050455735,0.139578709,0.079432703,0.15227805,0.06704457,0.151525964,0.045928407,0.118232347,0.106566388,0.037771135,0.099950941,0.05350094,0.108890316,0.052773914,0.104488624,0.041583618,0.089817675,0.081549438,0.108516241,0.090124779,0.09421548,0.084306183,0.111493511,0.078793039,0.04921531,0.053827603,0.04137924,0.024392428,0.051759287,0.030491165,0.039932166,0.022629122,0.059433583,0.096115281,0.063022522,0.104569399,0.054857341,0.109681646,0.032337115,0.082659135,0.068843095,0.038310225,0.066835706,0.057614312,0.05740818,0.0399468,0.073343003,0.041263554,0.042652723,0.065551494,0.051961324,0.078616535,0.044452964,0.062482951,0.055160969,0.06364527,0.044859816,0.050946816,0.027631493,0.023856202,0.049258842,0.030970176,0.037759995,0.013340573,0.007883237,0.00944101,0.00773405,-0.005971744,0.008816968,0.017203146,0.014526491,0.008130013,0.021943087,0.012018779,0.039083088,0.001347134,0.02744403,0.005520449,0.036380788,-0.002521487,0.003866977,0.029722867,0.02416359,0.019141027,0.011274268,0.027109202,0.025260422,0.007423686,0.01259666,0.004206349,-0.003596527,0.000854844,0.000163882,0.00873434,0.009934347,0.001424836
s12,0.059072103,0.103517968,0.068830271,0.078717794,0.028340968,0.101450528,0.056654101,0.088773676,0.085851934,0.103580705,0.159484988,0.09237765,0.107425894,0.098320934,0.126829982,0.089046547,0.037529492,0.079456101,0.120583779,0.076007787,0.068443535,0.083343361,0.080446099,0.064578814,0.065799233,0.039026394,0.028466247,0.04587486,0.054100709,0.05463558,0.030403766,0.038705922,0.080149881,0.091690847,0.071478163,0.114446354,0.057447189,0.103786775,0.06011271,0.107166836,0.079658516,0.104860225,0.152248664,0.059399905,0.090667601,0.081759029,0.1181374,0.076261925,0.023521922,0.06763145,0.100647114,0.061694322,0.058075993,0.083355976,0.080935991,0.058714372,0.094185531,0.047473674,0.059606369,0.038122904,0.073483617,0.05549134,0.041770322,0.04970772,0.047672012,0.005537782,0.02279912,0.037976522,0.015185334,0.020908116,0.040950076,0.023374978,0.025631723,0.028751628,0.029434746,0.004794388,0.007247349,0.023150696,0.025957816,0.018645185,0.010981814,0.014458833,0.022933632,0.011169238,0.02366364,0.018294462,0.011273553,0.008921446,0.045311465,-0.010756801,0.026573404,-0.00753197,0.029832685,0.015186772,0.008060585,0.001168706
s13,0.109459423,0.186942082,0.103405561,0.121291179,0.098274946,0.155912725,0.100287838,0.106607679,0.116400868,0.09944933,0.17380566,0.111288045,0.132779385,0.102145471,0.142653243,0.091274177,0.114799817,0.086662119,0.15426849,0.116175377,0.123451385,0.10278202,0.128523201,0.108709637,0.093966213,0.05157557,0.048584008,0.047155551,0.061691078,0.045218099,0.062469971,0.042117952,0.070099774,0.124421498,0.106637096,0.124319587,0.076589217,0.130541058,0.075406837,0.100301051,0.101600844,0.089238339,0.146528277,0.102108659,0.067601909,0.091782419,0.083060115,0.069556599,0.100295045,0.063849902,0.09184101,0.101320402,0.096175925,0.081419563,0.100033479,0.077543358,0.134810441,0.034591708,0.067604861,0.059813435,0.084782195,0.041431563,0.061798452,0.052899898,0.022520426,0.05672475,0.023178431,0.047486148,0.0243274,0.020094265,0.018150227,0.017878806,0.016048944,0.016631774,0.031037037,0.027419297,0.017170505,0.020462978,0.020009377,0.018304696,0.008658636,0.035370483,0.027951338,0.023388553,0.0211679,0.026969342,0.009522819,0.014442977,0.025044351,0.012806454,0.012355908,0.008785201,0.024121031,0.018149241,0.007315453,0.002877578
s14,0.01647318,0.085989039,0.012259883,0.057749552,0.024782053,0.044176741,0.01062435,0.057452688,0.109337314,0.061971692,0.111161061,0.053011441,0.100437984,0.057444219,0.094735747,0.048402612,0.075572781,0.064626217,0.100627369,0.053878191,0.081492703,0.05326175,0.07906538,0.047695678,0.048967913,0.028923381,0.074612988,0.008715873,0.05776378,0.024883838,0.028910714,0.014743803,0.028732157,0.03043467,0.034084867,0.056958785,0.033049765,0.019535166,0.009370184,0.036370829,0.06466115,0.03956278,0.050558572,0.011329447,0.040229886,0.019561809,0.03391879,0.022696983,0.054933398,0.044839609,0.055763311,0.016836901,0.051278075,0.017783183,0.030893597,0.005717859,0.016187755,0.034622926,0.040717973,0.018585374,0.026931147,0.02525193,0.01889442,0.020987206,0.008929529,0.005868396,0.010517239,0.010818938,0.005493422,0.005433242,0.003919054,0.003798588,0.027959911,0.006298127,0.024401087,0.013410797,0.010120233,0.011990505,0.009177974,0.003907483,0.009738766,0.011480497,0.013909275,0.001770764,0.008383127,0.006544453,0.010666013,0.003099719,-0.000631326,-0.00326061,0.003329919,0.008577644,0.005738712,0.005479447,-3.43E-05,0.008797194
s15,0.163504018,0.088921696,0.148345072,0.071310862,0.121782586,0.114228674,0.065378576,0.05916006,0.110091175,0.068388633,0.116600471,0.263690977,0.119274152,0.159916318,0.137477509,0.219811079,0.10266966,0.092554195,0.092691923,0.16106778,0.087974827,0.123802715,0.10371525,0.179770551,0.071987997,0.132366863,0.177163058,0.032664215,0.09458516,0.11221473,0.086581604,0.114640015,0.187918575,0.047909928,0.13481724,0.045854803,0.137052346,0.066751582,0.096362017,0.059305403,0.103342431,0.060692835,0.098183006,0.218281458,0.104339692,0.105409756,0.109216889,0.193189995,0.063667456,0.088679852,0.06649657,0.087804911,0.05695746,0.071434018,0.08192416,0.127501573,0.065565329,0.127445195,0.127630774,0.012311262,0.0633535,0.103438071,0.054210401,0.105607259,0.080125302,-0.004740057,0.069448487,0.066443953,0.060798222,0.057361258,0.014709808,0.033943258,0.012126631,0.014075194,0.010746283,0.050242621,0.011311911,0.036664283,0.017665085,0.047951841,0.005178702,0.009764636,0.012302181,0.018800535,0.006801187,0.035598479,0.011238743,0.02365773,0.055704524,0.008745032,0.08083519,0.015936581,0.038046046,0.035930142,0.013612284,0.054665528
s17,0.015056389,0.006275623,0.022705776,0.000578951,0.022048451,0.000839854,0.00748485,0.015929397,0.074836685,0.015859832,0.12340182,0.031840405,0.091282983,0.025602316,0.10973143,0.035834441,0.045367054,0.031047745,0.066872672,0.01644297,0.056219049,0.012711684,0.066885591,0.02315971,0.01990393,0.05661539,0.091091928,0.031153523,0.036714684,-0.003537351,0.067926248,0.03079548,0.020348012,0.013032498,0.052289118,-0.006846013,0.034186058,-0.00449848,0.002493566,0.014958521,0.063287719,0.025710201,0.079229242,0.010896726,0.062725211,0.016656191,0.081560543,0.024535488,0.036033372,0.034581241,0.044333577,-0.000302762,0.046693245,-0.003083374,0.046817149,0.017650606,0.018980623,0.033390063,0.061683362,0.024354577,0.017658817,-0.01121257,0.0377906,0.019039355,0.020885442,0.013148543,0.025708114,-0.014297333,0.015087417,-0.002589431,-0.011042151,0.004124841,0.008847471,0.010634988,0.020785695,0.002047705,0.013799932,0.002340658,0.011730132,-0.006752016,0.000619957,0.010712576,0.009509266,-0.0058233,0.005105977,0.001663673,0.00699608,-0.001672218,0.013469619,0.021527532,0.051794946,-0.00230552,-0.007076616,-0.008968993,0.002302523,-0.004941933
s18,-0.006874683,0.06508848,0.048202697,0.011304073,-0.010058303,-0.006004065,-0.02033269,-0.00816036,0.03022778,0.016580547,0.031695702,0.015342467,0.020512507,0.009179808,0.027868056,0.009150526,0.01122236,0.017639403,0.027454318,0.019526082,0.004728282,-0.009816702,0.023172328,0.003700831,-0.013324453,0.005629313,0.017822205,0.02690122,0.01434829,0.012243336,0.001708565,-0.00846064,-0.007340992,0.088001982,0.03954631,-0.003139441,-0.013479835,-0.002721656,-0.013271146,-0.003868961,0.029888429,0.019132007,0.010362887,0.019673381,0.020005993,0.003962743,0.021209656,-0.004905167,-0.005817385,0.008575637,0.021456157,0.015052818,0.0031249,-0.020950729,0.015258016,0.007757699,-0.024704455,0.001335541,0.014162874,0.068625276,0.011890037,0.015785022,0.007814238,-0.008580996,-0.012918963,0.01028159,0.047359839,-0.011879248,-0.00812022,-0.018162433,-0.029276398,0.002178451,0.005983278,0.006068387,-0.002972342,0.000657755,0.004461548,-0.002910156,0.010359546,0.013861143,0.011584884,-0.008739519,-0.001545667,-0.000486214,-6.40E-05,-0.016144949,0.012684713,-0.001752003,-0.006596079,-0.010180151,-0.004583918,0.019368628,0.013827012,-0.003775575,-0.000587613,-0.014528411
s19,0.024562977,0.147574315,0.047309939,0.219473124,0.043256905,0.180315098,0.043604979,0.205691326,0.146355185,0.055374815,0.158145216,0.022698901,0.153489259,0.036388219,0.143053767,0.037125964,0.096384576,0.031658704,0.100923787,0.020632643,0.107323651,0.027132294,0.090379839,0.02473798,0.093169379,0.177260086,0.122057311,0.181838209,0.099129519,0.195968501,0.064392748,0.195995102,0.033938084,0.139504572,0.022020263,0.190289207,0.046185073,0.167569598,0.035374435,0.154805825,0.139866222,0.048243989,0.133557681,0.033382718,0.141831257,0.032128715,0.113365249,0.039061327,0.075035887,0.040181618,0.097919913,0.037463476,0.099261153,0.034671909,0.080451736,0.033059165,0.083896523,0.138761261,0.095197889,0.147813668,0.067661497,0.154206336,0.05423749,0.153402042,0.073080047,0.014504549,0.017004729,0.027781883,0.000330103,0.033098485,0.013066951,0.026403217,0.045381168,0.003222117,0.043742866,0.003947681,0.033299196,0.016393512,0.02653197,0.015674119,0.02100492,0.008756433,0.02211158,0.013084105,0.019205634,0.009666033,0.013961811,0.009693394,0.044626815,0.02979403,0.026188334,0.036292832,-0.002842907,0.028014895,0.007880686,0.061269494
s20,0.023127408,0.008185464,0.045595635,0.030493557,-0.02272305,0.024995269,0.030066141,0.020289607,0.006736131,0.032208621,0.030176542,0.047120424,0.036268864,0.057058723,0.049072271,0.033033312,0.009140411,0.018438896,0.022029171,0.031524911,0.029242757,0.035958463,0.02151419,0.031539419,0.031195194,0.05689034,0.018619447,0.026509009,0.027802297,0.042843498,0.032644758,0.028310889,0.01852465,0.01582986,0.029419573,0.057603136,-0.018302632,0.043415715,0.025209053,0.030727935,0.0002348,0.023974256,0.001276313,0.039763945,0.018543928,0.043178939,0.021338043,0.029457717,0.016475707,0.041085933,0.006416484,0.025754467,0.023014587,0.045939887,0.003843083,0.035215058,0.012961417,0.071973275,0.023719467,0.027097548,0.023686745,0.052744233,0.037623309,0.025251618,0.016027774,0.036887234,0.016112626,0.023195881,-0.01629306,0.032147343,0.009387282,-0.005158746,0.001017634,0.027941514,0.012293844,0.011948403,0.008157877,0.026021616,0.004006663,0.010804584,-0.001100561,0.010952793,-0.000632149,0.006055282,0.007127441,0.007626994,0.004679844,0.000130804,0.010645076,0.085054473,0.002772582,-0.014598769,0.00539962,0.014299813,-0.00314691,0.008176877
s21,0.019327659,0.022854522,0.075327356,0.027554814,0.041581511,0.03072627,0.007758055,0.018253701,0.0531667,0.121300953,0.061747048,0.108363112,0.059694856,0.120136688,0.039675599,0.080053808,0.020915373,0.084904602,0.032512341,0.099049212,0.027859486,0.094220022,0.034633281,0.06096735,0.056557707,0.109822952,0.056691873,0.063190982,0.066221837,0.077813805,0.069190823,0.048663547,0.024100143,0.024542452,0.085357483,0.032421269,0.057593361,0.042715225,0.007338347,0.023056163,0.011986845,0.102792948,0.031612012,0.071625089,0.030437452,0.09383796,0.021085383,0.054385448,0.031568779,0.04498793,0.017382267,0.064658004,0.019938657,0.063280742,0.017067558,0.043163748,0.05489492,0.1233274,0.038897058,0.073111156,0.054644673,0.09750501,0.051419798,0.058976768,0.009501653,0.00504969,0.033253465,0.024028015,0.019987987,0.002584727,0.008252334,0.007227578,0.014643417,0.028633652,0.011836602,0.009510409,0.018776723,0.018506049,0.007446972,0.017285434,0.015077532,0.038414248,0.010693929,0.015723595,0.020137093,0.015795484,0.006077879,0.013053095,0.043694225,0.032768748,0.036360412,0.003281248,0.039303875,0.015615884,0.051674443,0.010087409
s22,0.03836733,0.157066537,0.120461286,0.130832969,0.061631893,0.158940094,0.089963268,0.118619664,0.06128214,0.051509136,0.070280743,0.069498573,0.054439425,0.062821957,0.068502603,0.05309006,0.045210318,0.057018331,0.062822254,0.082066571,0.051232166,0.053148328,0.059844695,0.059304412,0.03643375,0.087601567,0.114825598,0.047458435,0.077692667,0.057610647,0.10474304,0.042645612,0.054554094,0.148904817,0.11498569,0.137381304,0.083222768,0.146839632,0.087486522,0.109472339,0.059151774,0.040624016,0.090013683,0.049825758,0.060753307,0.047115029,0.064027239,0.048985284,0.045907058,0.033726022,0.049731027,0.064901102,0.039529743,0.044738728,0.04485112,0.062901826,0.044612108,0.100861336,0.101309628,0.03637621,0.07427518,0.054305731,0.060861421,0.042769805,0.027895262,0.00563733,0.045982363,0.017328851,0.03214945,-0.003561073,0.03228864,0.006197554,0.012145127,0.003691707,0.020791136,0.004083949,0.003145298,0.00512861,0.015014538,0.010986006,0.014579056,0.007440234,0.041118601,0.010889688,0.003135378,0.001138303,0.023582398,0.006264739,0.007933916,0.030741138,0.020430973,0.007699676,0.015999378,0.00925779,0.02043163,-0.000898715
s23,0.010027521,0.078890071,0.008761626,0.083785099,0.021530827,0.079896578,0.016900701,0.044934643,0.040192442,0.08149476,0.03372599,0.050842085,0.029476556,0.066743757,0.042311911,0.042976283,0.031722316,0.085093423,0.031490966,0.055949829,0.023784185,0.072520202,0.026800852,0.047863067,0.017143426,0.024839232,0.041541231,-0.007194827,0.038578919,0.007235182,0.034852134,0.014510473,0.012735867,0.053049099,0.035533785,0.08472177,0.010415094,0.062893551,0.003878301,0.063802689,0.02998679,0.064270855,0.023004224,0.036871934,0.022262775,0.050119922,0.032151053,0.038440529,0.034985483,0.069912976,0.023894764,0.048105734,0.011732488,0.053122242,0.017535565,0.041741593,0.005242662,0.03160559,0.029655029,-0.001327388,0.032359991,0.00297771,0.02962116,0.013754812,-0.01727028,0.012811358,0.006785198,-0.003135463,-0.003953682,-0.012856167,3.31E-05,0.005869739,0.023605239,-0.0025859,0.000867948,0.012274136,0.008089108,0.002541105,-0.000269995,0.006196613,0.000619034,-0.001799311,-0.002814468,0.012175372,0.001877466,0.004012512,-0.004324428,-0.002550706,0.016196115,0.01216742,-0.006006649,7.37E-05,0.012291346,-0.006663039,0.000224087,0.005658573
s24,0.212757654,0.050767337,0.252203996,0.118872685,0.234533823,0.092639796,0.191643491,0.079101167,0.129929276,0.066586789,0.123206573,0.087123428,0.128056163,0.073269944,0.085841982,0.097556795,0.035166084,0.016876368,0.044254132,0.051189488,0.043864596,0.023964385,0.024940974,0.043923963,0.240991197,0.085004459,0.159465828,0.138998369,0.202642722,0.128569893,0.142040957,0.059191333,0.146422378,0.01263856,0.16414128,0.081206769,0.143702176,0.052749675,0.114394967,0.056112451,0.086961606,0.054253015,0.097325495,0.063524138,0.088136747,0.038058889,0.049380348,0.052235515,0.040796279,0.001707051,0.027200109,0.041393478,0.026081447,0.021219395,0.012756137,0.020376245,0.10950475,0.050105582,0.072609384,0.068456415,0.102988774,0.072157881,0.054236744,0.042528017,0.047715499,-0.010892884,0.080984635,0.024537534,0.066145676,-0.000881097,0.065679774,0.027663083,0.022199231,0.009113145,0.033322827,0.02276214,0.027925038,0.008040814,0.014332028,0.010585454,0.006368259,-0.005502564,0.018459995,0.024286934,0.010277645,-0.007564751,0.01198982,0.011832562,0.05714281,0.015884081,0.018439208,0.037618756,0.0445797,0.039721386,0.032564312,0.008806377
